p1x,p1y,p1sx,p1sy,p1a,p1wx,p1wy,tf1,pf1,p2x,p2y,p2sx,p2sy,p2a,p2wx,p2wy,tf2,pf2,p3x,p3y,p3sx,p3sy,p3a,p3wx,p3wy,tf3,pf3,p4x,p4y,p4sx,p4sy,p4a,p4wx,p4wy,tf4,pf4,p1tx,p1ty,p1t,p2tx,p2ty,p2t
10443,4096,521,241,0.16481973005807052,14527,7778,1,0,9821,5093,490,254,0.47930628432754163,14527,7778,1,1,10505,3263,137,-24,0.8400074682912066,14527,7778,0,0,8870,5689,159,58,0.35367933274305924,14527,7778,0,0,51178,94617,200,108809,9178,200
11151,4407,601,264,0.35970699958495655,14527,7778,1,0,10506,5391,582,253,0.2207292335681896,14527,7778,1,1,10723,3422,185,134,1.151921155274339,14527,7778,0,0,9229,5755,305,56,0.03952006738407993,14527,7778,0,0,51396,94776,200,103198,39957,0
11908,4796,643,330,0.6738662649439359,14527,7778,1,0,11260,5746,640,301,0.5348884989271689,14527,7778,1,1,10989,3739,226,269,1.151921155274339,14527,7778,0,0,9534,5811,259,47,0.3490666120802778,14527,7778,0,0,77902,78053,200,88335,67377,200
12649,5275,629,406,0.9880255303029152,14527,7778,1,0,12032,6197,656,383,0.8490477642861483,14527,7778,1,1,11349,4157,305,354,0.8377618899153596,14527,7778,0,0,9951,5981,354,144,0.6632244171509383,14527,7778,0,0,78262,78471,200,65870,88884,0
13278,5681,534,345,1.3021847956618946,14527,7778,1,0,12688,6580,557,325,1.1632070296451276,14527,7778,1,1,11788,4660,373,427,0.8377552626840211,14527,7778,0,0,10305,6125,300,122,0.9773825536696844,14527,7778,0,0,78701,78974,200,89106,67691,0
13809,6097,451,353,1.616344061020874,14527,7778,1,0,13245,6905,473,276,1.4773662950041069,14527,7778,1,1,12295,5236,430,489,0.8377552626840211,14527,7778,0,0,10605,6247,255,103,0.6632244171509383,14527,7778,0,0,79208,79550,200,66524,89150,0
14240,6574,463,283,1.9305033263798532,14527,7778,1,0,13668,7244,261,409,1.7915255603630862,14527,7778,1,1,12859,5874,479,541,0.8377552626840211,14527,7778,0,0,10860,6350,216,87,0.9773825536696844,14527,7778,0,0,53532,97228,200,38423,102476,0
14578,7013,287,373,2.2446625917388325,14527,7778,1,0,13878,7739,178,420,2.1056848257220655,14527,7778,1,1,13419,6598,476,615,1.1519145280430005,14527,7778,0,0,11076,6437,183,73,1.2915418190286636,14527,7778,0,0,23871,106050,200,7586,106376,0
14703,7497,341,443,2.558821857097812,6321,4317,1,0,14042,8202,200,731,2.419844091081045,6321,4317,1,1,13906,7385,117,297,1.4660737934019799,14527,7778,0,0,11259,6510,155,62,1.605701084387643,14527,7778,0,0,-6885,105199,0,-22942,100479,200
14851,7993,125,421,2.872981122456791,6321,4317,0,0,14058,9012,13,688,2.734003356440024,6321,4317,0,0,14023,7682,99,252,1.7802330587609592,6321,4317,1,1,11346,6760,73,212,1.9198535418958296,14527,7778,1,0,-35976,94284,0,-50220,85561,0
14776,8405,-63,350,3.1871403878157705,6321,4317,0,0,13872,9719,-158,600,3.0481626217990034,6321,4317,0,0,14122,7934,84,214,2.094389143973701,6321,4317,1,1,11419,6972,62,180,2.2340128072548087,14527,7778,1,0,-60192,74847,0,-71484,62891,0
14711,8820,-51,355,3.50129965317475,6321,4317,0,0,13519,10275,-300,472,3.3623218871579827,6321,4317,0,0,14021,8012,-90,63,2.4085484093326803,6321,4317,1,1,11481,7152,52,153,2.548172072613788,14527,7778,1,0,-77333,48685,200,-71422,63071,0
14498,9058,-181,202,-2.5152967296648807,6321,4317,0,0,13047,10645,-401,314,3.676481152516962,6321,4317,0,0,13748,8156,-231,122,2.7227076746916596,6321,4317,1,1,11533,7305,44,130,2.548178880464581,14527,7778,1,0,-85704,18608,200,-71370,63224,200
14163,9132,-284,62,-2.4460864266929105,6321,4317,0,0,12514,10809,-453,139,3.9906404178759414,6321,4317,0,0,13318,8299,-365,121,3.036866940050639,6321,4317,1,1,11411,7547,-103,205,2.548178880464581,14527,7778,1,0,-84496,-12492,0,-50155,86348,200
13715,9080,-381,-44,-2.5347191291584674,6321,4317,0,0,11961,10775,-470,-29,-2.094407804564866,6321,4317,0,0,12953,8420,-310,102,3.3510262054096183,6321,4317,1,1,11185,7910,-192,308,2.234020743945835,14527,7778,1,0,-73649,-41579,200,-23016,101879,200
13161,8936,-471,-122,-2.617981175819824,6321,4317,0,0,11389,10574,-485,-171,-2.103839052314588,6321,4317,0,0,12470,8422,-410,1,3.6651854707685976,6321,4317,1,1,10925,8406,-221,421,1.9198614785868555,14527,7778,1,0,-54443,-65892,200,-50641,87207,200
12022,8536,-494,-185,-2.5721783638846363,6321,4317,0,0,10369,10273,-318,427,-2.1127587711522233,6321,4317,0,0,11128,7854,-613,-309,-2.3038373909057723,6321,4317,1,1,10239,9134,-346,-260,2.548178880464581,14527,7778,1,0,-75474,-42145,200,-85887,36697,0
11358,8246,-564,-246,-2.591051694191482,6321,4317,0,0,10051,10700,-270,362,-1.9552024055871464,6321,4317,0,0,10342,7445,-668,-347,-2.6179966562647516,6321,4317,1,1,9893,8874,-294,-221,2.86233814582356,14527,7778,1,0,-56571,-66869,200,-86233,36437,0
10632,7883,-617,-308,-2.5152967296648807,6321,4317,0,0,9781,11062,-229,307,-1.9048763227923229,6321,4317,0,0,9540,6949,-681,-421,-2.3038373909057723,6321,4317,1,1,9599,8653,-249,-187,2.862346576696024,14527,7778,1,0,-57373,-67365,200,-90340,5163,0
9888,7420,-632,-393,-2.2563147336300102,6321,4317,0,0,9552,11369,-194,260,-1.8555501669838033,6321,4317,0,0,8725,6379,-692,-484,-2.3038373909057723,6321,4317,1,1,9350,8466,-211,-158,-3.1066855366960224,14527,7778,1,0,-31948,-84975,0,-84619,-25735,0
9139,6865,-636,-471,-2.1970922507198094,6321,4317,0,0,9308,11435,-207,56,-1.8235380557074765,6321,4317,0,0,8033,5895,-588,-411,-1.989678125546793,6321,4317,1,1,9139,8308,-179,-134,-2.7925354384888603,14527,7778,1,0,-2419,-93557,200,-69662,-53258,200
8400,6223,-628,-545,-2.1127587711522233,6321,4317,0,0,9059,11296,-211,-118,-1.7834968139689693,6321,4317,0,0,7424,5285,-517,-518,-1.6755188601878137,6321,4317,1,1,8802,8051,-286,-218,-2.478376173129881,14527,7778,1,0,28215,-92529,200,-47117,-74852,200
7746,5566,-555,-558,-1.798599505793244,6321,4317,0,0,8803,10983,-217,-265,-1.799768595693944,6321,4317,0,0,6949,4571,-404,-606,-1.3613595948288344,6321,4317,1,1,8404,7667,-338,-326,-2.1642169077709017,14527,7778,1,0,56948,-82031,200,-19159,-88459,200
7205,4845,-459,-613,-1.4844402404342647,6321,4317,0,0,8527,10527,-234,-387,-1.8723092902745273,6321,4317,0,0,6645,3792,-258,-662,-1.0472035096160925,7819,839,1,1,8011,7149,-334,-440,-1.8500576424119224,14527,7778,1,0,80959,-63121,200,-19552,-88977,200
6813,4074,-333,-655,-1.1702809750752854,7819,839,0,0,8226,9952,-256,-489,-1.9134167159864979,6321,4317,0,0,6536,2996,-92,-676,-0.7330442442571132,7819,839,1,1,7622,6517,-330,-537,-1.850042403688666,14527,7778,1,0,97890,-37677,200,11111,-93422,200
6592,3290,-187,-666,-0.8561217097163061,7819,839,0,0,7906,9274,-272,-576,-1.8966594805930566,6321,4317,0,0,6627,2239,77,-643,-0.4188849788981339,7819,839,1,1,7299,5780,-274,-626,-1.5358992038207826,14527,7778,1,0,106079,-8213,200,41500,-88189,0
6405,2624,-158,-566,-0.5419624443573268,7819,839,0,0,7587,8504,-270,-654,-1.8070415875133343,6321,4317,0,0,6903,1575,234,-564,-0.10472571353915461,7819,839,1,1,7025,5154,-232,-532,-1.2217399384618033,14527,7778,1,0,104717,22366,200,68591,-73647,0
6371,2029,-29,-505,-0.22780317899834746,7819,839,0,0,7284,7653,-257,-723,-1.7356160568529673,6321,4317,0,0,7333,1053,365,-444,0.2094335518198247,7668,5952,1,1,6793,4622,-197,-452,-0.907580673102824,14527,7778,1,0,93935,51052,200,89696,-51297,200
6536,1541,140,-414,0.08635608636063186,7819,839,0,0,7055,6732,-194,-782,-1.4293235403027391,6321,4317,0,0,7871,709,457,-292,0.523592817178804,7668,5952,1,1,6762,4058,-26,-479,-0.5934214077438447,14527,7778,1,0,74784,75023,200,102888,-23505,200
6851,1201,267,-288,0.40051535171961117,7819,839,0,0,6888,5752,-142,-833,-1.437385631402505,6321,4317,0,0,8462,566,502,-121,0.8377520825377833,7668,5952,1,1,6928,3524,141,-454,-0.27926214238486535,14527,7778,1,0,49135,91920,200,89831,-52395,200
7269,1044,355,-133,0.7146746170785905,7668,5952,1,1,6833,4739,-47,-861,-1.1232263660435258,6321,4317,1,0,9045,628,495,52,1.1519113478967626,7668,5952,0,0,7235,2958,260,-480,-0.5934137731252123,14527,7778,0,0,19497,100080,200,68801,-75843,200
7727,1082,389,32,1.0288338824375698,7668,5952,1,1,6923,3734,76,-854,-0.8090671006845465,7819,839,1,0,9561,879,438,213,1.466070613255742,7668,5952,0,0,7618,2320,325,-541,-0.9075719096439583,14527,7778,0,0,-11230,98693,200,69184,-76481,200
8121,1061,341,-85,1.342993147796549,7668,5952,1,1,6999,2880,64,-725,-0.49490783532556715,7819,839,1,0,9957,1288,336,347,1.7802298786147213,7668,5952,0,0,8018,2147,277,534,-0.9075719096439583,14527,7778,0,0,-40042,87890,200,42219,-91822,0
8462,976,289,-72,1.6571524131555284,7668,5952,0,0,7232,2124,198,-642,-0.18074856996658784,7819,839,0,0,10193,1808,200,442,2.0943891439737006,7668,5952,1,1,8295,2681,235,453,-1.2217311750029376,14527,7778,1,0,-64121,68721,200,11784,-97258,0
8751,904,245,-61,1.8890691841779705,7668,5952,0,0,7430,1482,168,-545,0.13341069539239148,7819,839,0,0,10244,2384,43,489,2.40854840933268,7668,5952,1,1,8530,3134,199,385,-1.535890440361917,14527,7778,1,0,-64070,69297,200,12019,-96805,200
8996,843,208,-51,1.8640735657502203,7668,5952,0,0,7645,960,182,-444,0.4475699607513708,7668,5952,0,0,10138,3007,-89,529,2.408551589478918,7668,5952,1,1,8736,3319,175,157,-1.5358992038207826,14527,7778,1,0,-81216,43680,200,-18827,-92807,200
9138,981,121,117,1.9048763227923229,7668,5952,0,0,7972,654,277,-260,0.7617292261103501,7668,5952,0,0,9866,3617,-230,518,2.722710854837897,7668,5952,1,1,8856,3284,101,-29,-1.850042403688666,14527,7778,1,0,-81488,44290,200,12345,-96655,200
9190,1286,44,259,1.9219594659270078,7668,5952,0,0,8344,570,316,-71,1.0758884914693294,7668,5952,0,0,9453,4216,-350,509,2.7227174820692355,7668,5952,1,1,8964,3055,91,-194,-1.5358992038207826,14527,7778,1,0,-89999,14668,200,12453,-96884,0
9204,1743,12,388,1.7193401510004944,7668,5952,0,0,8696,696,299,106,1.3900477568283087,7668,5952,0,0,8904,4746,-466,450,3.036876747428215,7668,5952,1,1,9055,2861,77,-164,-1.5358992038207826,14527,7778,1,0,-82450,45419,200,12544,-97078,0
9222,2090,22,244,1.8235380557074765,7668,5952,0,0,8968,1000,231,258,1.704207022187288,7668,5952,0,0,8255,5277,-551,451,2.7227174820692355,7668,5952,1,1,9075,3107,-53,711,-1.5358992038207826,14527,7778,1,0,-91197,15729,200,12564,-96832,200
9244,2334,18,207,2.041155244427025,7668,5952,0,0,9112,1438,122,372,2.018366287546267,7668,5952,0,0,7505,5749,-637,401,3.036876747428215,3114,7545,1,1,9029,3618,-39,434,-1.5358992038207826,14527,7778,1,0,-91947,16201,200,43230,-90351,200
9299,2755,61,446,2.0590474712600866,7668,5952,0,0,9083,1760,-39,185,2.1776698512262227,7668,5952,0,0,6669,6171,-710,358,3.036881117277951,3114,7545,1,1,9058,3864,24,209,-1.2217399384618033,14527,7778,1,0,-92783,16623,200,43259,-90105,200
9383,3119,147,37,1.963741720681664,7668,5952,0,0,8986,2136,-82,320,1.8635105858672434,7668,5952,0,0,5760,6550,-772,322,3.036881117277951,3114,7545,1,1,9128,3967,-17,359,-1.2217391116939638,14527,7778,1,0,-92054,-14241,200,12617,-95972,200
9402,3310,16,161,2.2663025536917796,7668,5952,0,0,8818,2637,-142,425,2.0152155366959956,7668,5952,0,0,4792,6830,-822,238,-2.932153216938964,3114,7545,1,1,9118,4126,-8,135,-1.535898377052943,14527,7778,1,0,-81810,-43169,0,43319,-89843,200
9461,3324,67,-39,1.9521432883328003,7668,5952,0,0,8554,3221,-224,496,2.225699221938388,7668,5952,0,0,3970,7068,-698,202,-2.617999836410989,3114,7545,1,1,9061,4405,-66,288,-1.2217391116939638,14527,7778,1,0,-62943,-67246,0,70627,-74396,200
9416,3450,-38,107,2.16767525754846,7668,5952,0,0,8269,3889,-242,568,1.911539956579409,7668,5952,0,0,3272,7270,-593,171,-2.30384057105201,9525,4379,1,1,9118,4535,48,110,-0.9075798463349845,14527,7778,1,0,-37401,-84084,0,43319,-89434,200
9336,3663,-22,-86,1.8555501669838033,7668,5952,0,0,8027,4457,-205,482,2.225699221938388,7668,5952,0,0,2679,7441,-504,145,-1.9896813056930305,9525,4379,1,1,9220,4543,41,274,-1.2217391116939638,14527,7778,1,0,-7773,-92011,200,12709,-95396,0
9230,3758,-90,81,2.006276074828631,7668,5952,0,0,7691,5090,-285,538,2.286146280269576,7668,5952,0,0,2154,7387,-446,-45,-1.6755220403340512,9525,4379,1,1,9261,4817,34,232,-1.535898377052943,14527,7778,1,0,22945,-90427,200,-18302,-91309,0
9054,4020,-149,222,2.0152155366959956,7668,5952,0,0,7238,5736,-385,548,2.5721783638846363,3114,7545,0,0,1750,7146,-343,-204,-1.3613627749750719,9525,4379,1,1,9295,5049,28,197,-1.850042403688666,14527,7778,1,0,51749,-79456,200,-46624,-77854,0
8816,4421,-202,340,2.0322068030624925,7668,5952,0,0,6659,6334,-491,508,2.8863376292436156,3114,7545,0,0,1507,6769,-206,-320,-1.0472035096160925,9525,4379,1,1,9323,5246,23,167,-2.164201669047645,14527,7778,1,0,75821,-60144,200,-69478,-56320,0
8519,4937,-252,438,2.067988395357381,7668,5952,0,0,5973,6831,-582,422,3.200496894602595,3114,7545,0,0,1450,6315,-48,-385,-0.7330442442571132,9525,4379,1,1,9346,5413,19,141,-2.4783609344066244,14527,7778,1,0,92804,-34358,200,-46573,-77490,200
8129,5520,-331,495,2.329326841065011,7668,5952,0,0,5391,7253,-494,358,3.514656159961574,3114,7545,0,0,1585,5849,114,-396,-0.4188849788981339,9525,4379,1,1,9253,5388,-78,-21,-2.164210099920109,14527,7778,1,0,101037,-4603,200,-69548,-56178,0
7624,6113,-429,504,2.6269141194485592,3114,7545,0,0,4784,7518,-515,225,3.8288154253205535,3114,7545,0,0,1898,5432,265,-354,-0.10472571353915461,9525,4379,1,1,9175,5367,-66,-17,-2.478368236438855,14527,7778,1,0,99712,26223,200,-46744,-77536,0
6999,6657,-531,462,2.9410733848075385,3114,7545,0,0,4161,7575,-529,48,4.142974690679533,3114,7545,0,0,2359,5120,391,-265,0.2094335518198247,9525,4379,1,1,9109,5350,-56,-14,-2.164210099920109,14527,7778,1,0,101811,-5332,200,-46810,-77553,0
6269,7096,-620,373,3.255232650166518,3114,7545,0,0,3623,7587,-457,10,4.457133956038512,9525,4379,0,0,2949,4834,501,-243,-0.10471153631184203,9525,4379,1,1,9053,5336,-47,-11,-2.164210099920109,14527,7778,1,0,100763,25625,200,-18510,-90790,0
5649,7469,-527,317,3.569391915525497,3114,7545,0,0,3178,7397,-378,-161,4.7712932213974915,9525,4379,0,0,3646,4633,592,-171,0.209439436650829,9525,4379,1,1,9006,5325,-39,-9,-1.8500508345611295,14527,7778,1,0,101460,25424,200,-46913,-77578,0
5018,7691,-536,188,3.8835511808844765,3114,7545,0,0,2873,7050,-259,-295,5.085452486756471,9525,4379,0,0,4434,4504,669,-110,0.209439436650829,9525,4379,1,1,8967,5316,-33,-7,-2.164210099920109,14527,7778,1,0,102248,25295,200,-69834,-56250,200
4384,7705,-539,11,4.197710446243455,3114,7545,0,0,2741,6600,-112,-382,5.39961175211545,9525,4379,0,0,5299,4436,734,-58,0.209439436650829,9525,4379,1,1,8776,5186,-162,-110,-2.478368236438855,14527,7778,1,0,91901,54435,0,-85193,-29015,0
3826,7622,-474,-70,4.511869711602435,3114,7545,0,0,2797,6110,47,-416,5.713771017474429,9525,4379,0,0,6033,4378,623,-49,0.523592817178804,9525,4379,1,1,8614,5076,-137,-93,-2.792527501797834,14527,7778,1,0,103847,25169,0,-70187,-56490,0
3375,7353,-383,-228,4.826028976961414,9525,4379,0,0,3038,5644,204,-396,6.027930282833409,9525,4379,0,0,6656,4329,529,-41,0.209439436650829,9525,4379,1,1,8477,4983,-116,-79,-2.478368236438855,14527,7778,1,0,104470,25120,200,-47442,-77920,0
3075,6943,-255,-348,5.140188242320393,9525,4379,0,0,3442,5260,343,-326,6.342089548192388,9525,4379,0,0,7381,4330,615,0,0.209439436650829,9525,4379,1,1,8361,4904,-98,-67,-2.164210099920109,14527,7778,1,0,93983,54329,0,-47558,-77999,0
2955,6448,-101,-421,5.454347507679373,9525,4379,0,0,3985,4942,461,-270,0.03901922471681948,9525,4379,0,0,7802,4154,162,-327,0.523592817178804,9525,4379,1,1,8457,5013,277,270,-2.164210099920109,14527,7778,1,0,74715,78468,200,-47462,-77890,200
3028,5929,62,-441,5.768506773038352,9525,4379,0,0,4646,4683,561,-220,0.05499953095658483,9525,4379,0,0,8098,3976,251,-151,0.8377520825377833,9525,4379,1,1,8622,5117,140,88,-2.164210099920109,14527,7778,1,0,75011,78290,200,-70179,-56449,200
3286,5448,219,-408,6.082666038397331,9525,4379,0,0,5406,4479,646,-173,0.07807567149583494,9525,4379,0,0,8483,3974,327,-2,0.8377552626840211,9525,4379,1,1,8604,5082,-14,-29,-2.478368236438855,14527,7778,1,0,75396,78288,200,-70197,-56484,200
3704,5063,355,-327,6.3968253037563105,9525,4379,0,0,6251,4323,718,-132,0.08613175296182057,9525,4379,0,0,8944,4121,391,124,0.8377552626840211,9525,4379,1,1,8432,4930,-145,-129,-2.478368236438855,14527,7778,1,0,95546,54120,200,-47487,-77973,200
4258,4759,470,-258,0.11728402940293062,9525,4379,0,0,7151,4149,765,-148,-0.22802751239715874,9525,4379,0,0,9508,4345,479,190,0.5235959973250418,14527,7778,1,1,8175,4635,-218,-250,-2.164210099920109,14527,7778,1,0,76421,78659,200,-70626,-56931,0
4927,4523,568,-200,0.10922155126021735,9525,4379,0,0,7833,3945,538,-201,0.08613175296182057,9525,4379,0,0,10121,4684,520,287,0.8377552626840211,14527,7778,1,1,8786,4946,929,542,-2.478368236438855,14527,7778,1,0,77034,78998,200,-85183,-29255,0
5690,4367,648,-132,0.2207292335681896,9525,4379,0,0,8371,3744,457,-170,0.4002910183207999,9525,4379,0,0,10775,5120,555,370,0.8377552626840211,14527,7778,1,1,9715,5488,789,460,-2.792527501797834,14527,7778,1,0,97377,55119,200,-90224,1998,0
6531,4287,715,-68,0.26098893985333,9525,4379,0,0,8828,3574,388,-144,0.7144502836797793,9525,4379,0,0,11503,5590,618,399,0.5235959973250418,14527,7778,1,1,10504,5948,670,391,-3.1066855366960224,14527,7778,1,0,78416,79904,200,-85622,33511,0
7427,4305,761,15,0.4444192099010989,9525,4379,0,0,9216,3430,329,-122,1.0286095490387586,9525,4379,0,0,12255,6138,639,465,0.8377552626840211,14527,7778,1,1,11174,6339,569,332,2.862346576696024,14527,7778,1,0,98857,56137,200,-88765,2849,0
8386,4346,815,34,0.1302599445421196,9525,4379,0,0,9564,3389,295,-34,1.3427688143977379,9525,4379,0,0,13067,6703,690,480,0.5235959973250418,14527,7778,1,1,11743,6671,483,282,-3.1066855366960224,14527,7778,1,0,79980,81017,0,-82226,-27530,200
9382,4466,846,101,0.4444192099010989,14527,7778,0,0,9848,3483,241,79,1.6569280797567172,9525,4379,0,0,13757,7183,586,408,0.8377552626840211,14527,7778,1,1,12038,6885,250,181,-2.7925354384888603,14527,7778,1,0,100359,57182,0,-66763,-54681,0
10383,4694,850,193,0.6855184068351137,14527,7778,0,0,10050,3655,171,146,1.9710873451156965,9525,4379,0,0,14343,7591,498,346,0.5235959973250418,6321,4317,1,1,12288,7066,212,153,-2.478376173129881,14527,7778,1,0,112157,28382,0,-43631,-75837,0
11353,5047,824,299,0.9250961011948202,14527,7778,0,0,10144,3889,80,199,2.285246610474676,9525,4379,0,0,14841,7937,423,294,0.209439436650829,6321,4317,1,1,12500,7219,180,130,-2.1642169077709017,14527,7778,1,0,114293,-2515,0,-15063,-88907,200
13035,5663,694,-579,1.453512297391966,14527,7778,0,0,10063,4395,-31,197,2.285246610474676,14527,7778,0,0,15806,8399,460,142,-0.41887080167082136,6321,4317,1,1,12739,6940,76,503,-1.5358992038207826,14527,7778,1,0,90120,-58514,0,46940,-87029,200
13754,5282,611,-323,1.4454488998733006,14527,7778,0,0,10032,4592,-26,167,1.9710873451156967,14527,7778,0,0,16266,8541,391,120,-0.7330300670298007,6321,4317,1,1,12883,7255,122,267,-1.2217399384618033,14527,7778,1,0,66265,-78061,0,74449,-71546,200
14376,5159,528,-104,1.5157967958383118,14527,7778,0,0,10006,4759,-22,141,1.6569280797567174,14527,7778,0,0,16657,8661,332,102,-1.04718933238878,6321,4317,1,1,13128,7364,208,92,-0.907580673102824,14527,7778,1,0,37448,-89153,0,96031,-48555,0
14888,5254,435,81,1.6488719982907316,14527,7778,0,0,9984,4900,-18,119,1.342768814397738,14527,7778,0,0,16989,8763,282,86,-1.3613485977477593,6321,4317,1,1,13336,7456,176,78,-0.5934214077438447,14527,7778,1,0,6536,-90689,200,96239,-48463,200
15254,5523,311,228,1.9219594659270078,14527,7778,0,0,10062,5179,66,237,1.0286095490387588,14527,7778,0,0,17250,8650,221,-95,-1.6755078631067386,6321,4317,1,1,13678,7422,290,-28,-0.5934137731252123,14527,7778,1,0,-23423,-82704,200,109804,-20141,200
15443,5910,160,328,2.225699221938388,14527,7778,0,0,10190,5470,108,247,0.7144502836797795,14527,7778,0,0,17390,8372,118,-236,-1.989667128465718,6321,4317,1,1,14160,7339,409,-70,-0.27925450776623295,6321,4317,1,0,-49523,-65942,0,97063,-48580,0
15574,6755,389,76,2.3180235064440153,14527,7778,0,0,10910,6080,372,245,0.08613175296182085,14527,7778,0,0,17608,7936,85,-170,-2.6179856591836765,6321,4317,1,1,14849,7260,-70,222,-0.27925450776623295,6321,4317,1,0,-49305,-66378,0,114788,10749,0
15963,6831,330,64,2.5347191291584674,14527,7778,0,0,11482,6325,486,208,0.0,14527,7778,0,0,17693,7766,72,-144,-2.3038373909057723,6321,4317,1,1,14779,7482,-59,188,0.034897122974114125,6321,4317,1,0,-22980,-83588,200,114718,10971,0
16293,6895,280,54,2.662286369262252,14527,7778,0,0,12158,6595,574,229,0.3141592653589793,14527,7778,0,0,17684,7439,-7,-277,-1.989678125546793,6321,4317,1,1,14720,7670,-50,159,0.034897122974114125,6321,4317,1,0,-22989,-83915,200,110846,-19893,0
16573,6949,238,45,2.7571865747975437,14527,7778,0,0,12732,6824,487,194,0.6283185307179586,14527,7778,0,0,17596,6979,-75,-390,-1.9896714983154544,6321,4317,1,1,14670,7829,-42,135,-0.2792460768937691,6321,4317,1,0,-49317,-67335,200,114609,11318,200
16622,7058,41,92,2.815729499791633,14527,7778,0,0,13219,7018,413,164,0.9424777960769379,14527,7778,0,0,17387,6440,-177,-457,-2.3038307636744335,6321,4317,1,1,14828,7971,134,120,0.034897122974114125,6321,4317,1,0,-69215,-43559,200,108797,42173,0
16472,7208,-127,127,2.8483154146344694,14527,7778,0,0,13632,7182,351,139,1.2566370614359172,14527,7778,0,0,17037,5883,-297,-473,-2.617990029033413,6321,4317,1,1,14962,8091,113,102,0.34905638833309344,6321,4317,1,0,-80777,-14908,200,93763,69657,0
16150,7380,-273,146,2.912620384690746,14527,7778,0,0,13983,7321,298,118,1.5707963267948966,14527,7778,0,0,16544,5368,-418,-437,-2.932149294392392,6321,4317,1,1,15075,8193,96,86,0.6632156536920728,6321,4317,1,0,-82908,15820,200,70994,91096,0
15093,7540,-497,26,3.5409389154087045,14527,7778,1,0,14342,7930,86,311,2.199114857512855,6321,4317,1,1,15204,4620,-614,-282,3.036881117277951,6321,4317,0,0,15252,8352,68,62,0.9773825536696844,6321,4317,0,0,-76150,45293,200,42815,104478,0
14561,7387,-425,-149,-2.7989722643981922,6321,4317,0,0,14112,8470,-221,478,2.5132741228718345,6321,4317,0,0,14407,4419,-677,-170,2.7227218519189718,6321,4317,1,1,15320,8414,57,52,1.2915418190286636,6321,4317,1,0,-76947,45092,200,11830,108353,0
13937,7219,-530,-142,-3.0474938659181503,6321,4317,0,0,13832,8967,-237,422,2.827433388230814,6321,4317,0,0,13547,4330,-730,-75,2.7227174820692355,6321,4317,1,1,15377,8466,48,44,1.605701084387643,6321,4317,1,0,-85905,14782,200,-18824,102435,0
13208,7057,-619,-138,-3.039436938976235,6321,4317,0,0,13398,9389,-368,358,3.141592653589793,6321,4317,0,0,12618,4276,-789,-45,3.036876747428215,6321,4317,1,1,15425,8510,40,37,1.9198535418958296,6321,4317,1,0,-78736,44949,200,-46141,87311,0
12391,6889,-694,-142,-2.9930488293841955,6321,4317,0,0,12840,9685,-474,251,3.4557519189487724,6321,4317,0,0,11646,4312,-825,30,2.7227174820692355,6321,4317,1,1,15465,8547,34,31,2.2340128072548087,6321,4317,1,0,-87806,14764,200,-67438,64466,0
11509,6678,-749,-179,-2.7904295144576823,6321,4317,0,0,12204,9818,-540,113,3.7699111843077517,6321,4317,0,0,10622,4363,-870,43,3.036876747428215,6321,4317,1,1,15499,8578,28,26,2.548172072613788,6321,4317,1,0,-87192,-16428,200,-80627,36141,200
10586,6401,-784,-235,-2.6269141194485592,6321,4317,0,0,11546,9769,-558,-41,4.084070449666731,6321,4317,0,0,9556,4364,-905,1,-2.932153216938964,6321,4317,1,1,15335,8659,-139,68,2.8623313379727673,6321,4317,1,0,-77046,-45635,0,-84604,5169,200
9646,6041,-799,-305,-2.4666955833425286,6321,4317,0,0,10874,9564,-571,-174,-2.1776698512262227,6321,4317,0,0,8651,4365,-769,0,-2.617999836410989,6321,4317,1,1,14996,8720,-288,51,3.1764906033317466,6321,4317,1,0,-58262,-69949,0,-78973,-25481,200
8847,5736,-679,-259,-2.1525363179835493,6321,4317,0,0,10191,9225,-580,-288,-2.16767525754846,6321,4317,0,0,7882,4365,-653,0,-2.30384057105201,6321,4317,1,1,14520,8703,-404,-14,3.490649868690726,6321,4317,1,0,-32791,-86989,0,-64281,-52863,200
8119,5298,-618,-372,-1.83837705262457,6321,4317,0,0,9511,8764,-578,-392,-2.094407804564866,6321,4317,0,0,7229,4365,-555,0,-1.9896813056930305,6321,4317,1,1,13958,8566,-477,-116,3.804809134049705,6321,4317,1,0,-3223,-95087,200,-41961,-74337,200
7011,4193,-424,-452,-1.2100585219066113,6321,4317,0,0,8237,7509,-523,-578,-1.8640735657502203,6321,4317,0,0,6164,3997,-415,-143,-1.3613627749750719,7819,839,1,1,12757,7879,-520,-344,-2.164210099920109,6321,4317,1,0,56163,-82605,0,-43162,-75024,200
6587,3741,-360,-384,-0.895899256547632,7819,839,1,1,7683,6733,-471,-659,-1.727398203776912,6321,4317,1,0,5749,3854,-352,-121,-1.0472035096160925,7819,839,0,0,12125,7369,-537,-433,-2.164210099920109,6321,4317,0,0,80063,-63059,0,-15438,-88757,0
6340,3192,-210,-466,-0.973090673181901,7819,839,1,1,7240,5876,-376,-728,-1.4293235403027391,6321,4317,1,0,5397,3733,-299,-102,-0.7330442442571132,7819,839,0,0,11588,6936,-456,-368,-1.8500508345611295,6321,4317,0,0,55396,-82869,200,-15975,-89190,0
6288,2604,-44,-500,-0.6589314078229217,7819,839,1,1,6948,4967,-247,-772,-1.1353165787611623,6321,4317,1,0,5098,3631,-254,-86,-1.0472035096160925,7819,839,0,0,11132,6568,-387,-312,-1.850042403688666,6321,4317,0,0,79412,-63282,200,14621,-93371,0
6293,2086,4,-439,-0.3447721424639424,7819,839,1,1,6829,4041,-101,-786,-0.8752900998980138,7819,839,1,0,4993,3411,-89,-186,-0.7330442442571132,7819,839,0,0,10745,6256,-328,-265,-1.5358992038207826,6321,4317,0,0,96347,-37262,200,44946,-87713,0
6480,1641,158,-377,-0.030612877104963077,7819,839,1,1,6728,3255,-85,-668,-0.5611308345390345,7819,839,1,0,5087,3144,79,-227,-0.4188849788981339,7819,839,0,0,10417,5991,-278,-225,-1.2217399384618033,6321,4317,0,0,96441,-37529,200,71983,-72810,0
6759,1299,237,-290,0.28354638825401624,7819,839,1,1,6780,2553,43,-597,-0.24697156918005514,7819,839,1,0,5349,2836,222,-262,-0.4188751715205577,7819,839,0,0,10139,5766,-236,-191,-0.907580673102824,6321,4317,0,0,79663,-64077,200,71705,-73035,0
7161,1122,341,-150,0.5977056536129955,7819,839,1,1,7020,1969,203,-496,0.06718769617892417,7819,839,1,0,5720,2440,315,-336,-0.733034436879537,7819,839,0,0,9903,5575,-200,-162,-0.9075719096439583,6321,4317,0,0,97074,-38233,0,44104,-88394,0
7707,762,474,-353,0.9118649189719749,7668,5952,1,1,7140,1841,91,-61,0.3813469615379035,7819,839,1,0,6035,2104,267,-285,-0.4188751715205577,7819,839,0,0,9703,5413,-170,-137,-1.2217311750029376,6321,4317,0,0,105487,-8348,200,43904,-88556,0
8249,597,460,-140,1.2260241843309543,7668,5952,1,1,7301,1775,410,-77,0.06718769617892417,7819,839,1,0,6430,1804,63,-234,-0.10471590616157839,7819,839,0,0,9533,5276,-144,-116,-1.2217391116939638,6321,4317,0,0,105882,-8648,200,43734,-88693,0
8715,657,396,50,1.5401834496899336,7668,5952,1,1,7711,1698,348,-65,-0.24697156918005514,7819,839,1,0,6692,1549,222,-216,-0.10471153631184203,7819,839,0,0,9389,5160,-122,-98,-1.2217391116939638,6321,4317,0,0,104506,22340,200,70955,-73641,0
9055,899,289,205,1.854342715048913,7668,5952,1,1,8059,1633,295,-55,-0.5611308345390345,7819,839,1,0,7110,1375,354,-148,0.209439436650829,7819,839,0,0,9267,5062,-103,-83,-0.9075798463349845,6321,4317,0,0,93712,51374,200,70833,-73739,0
9258,1285,172,327,2.0152155366959956,7668,5952,0,0,8394,1591,437,15,-0.8752900998980138,7819,839,0,0,7597,1314,261,-102,0.523592817178804,7668,5952,1,1,9164,4979,-87,-70,-0.9075719096439583,6321,4317,1,0,74510,75628,200,92067,-50940,0
9680,1731,450,358,1.8890691841779705,7668,5952,0,0,8702,1745,278,192,-1.189449365256993,7819,839,0,0,7808,1292,71,-58,0.8377520825377833,7668,5952,1,1,9077,4909,-73,-59,-0.5934137731252123,6321,4317,1,0,48481,92646,200,105203,-22654,0
10012,2250,282,441,2.20322844953695,7668,5952,1,1,8980,1937,236,163,-1.5036086306159724,7819,839,1,0,7960,1417,129,106,1.1519113478967626,7668,5952,0,0,9004,4850,-62,-50,-0.27925450776623295,6321,4317,0,0,18412,100869,200,91907,-51069,200
10132,2808,101,474,2.5173877148959294,7668,5952,1,1,9169,1912,160,-21,-1.8177678959749517,7819,839,1,0,8110,1722,127,259,1.466070613255742,7668,5952,0,0,9108,4688,88,-137,-0.5934137731252123,6321,4317,0,0,-12681,99536,200,92011,-51231,200
10043,3343,-76,454,2.8315469802549087,7668,5952,1,1,9223,1722,45,-161,-2.1319271613339312,7819,839,1,0,8195,2177,72,386,1.7802298786147213,7668,5952,0,0,9362,4439,215,-211,-0.5934137731252123,6321,4317,0,0,-12596,99991,200,70928,-74362,200
10011,3734,16,270,2.5173877148959294,7668,5952,1,1,9114,1433,-92,-245,-2.4460864266929105,7819,839,1,0,8225,2759,25,494,1.7802357634457258,7668,5952,0,0,9259,4700,-520,840,-0.9075719096439583,6321,4317,0,0,-41774,89361,200,70825,-74101,200
10027,4004,13,229,2.662286369262252,7668,5952,0,0,9022,1188,-78,-208,-2.76024569205189,7819,839,0,0,8150,3426,-63,567,2.094389143973701,7668,5952,1,1,8862,5382,-337,580,-0.9075719096439583,6321,4317,1,0,-41849,90028,200,70428,-73419,200
10040,4233,11,194,2.7146340346472044,7668,5952,0,0,8851,974,-145,-182,-3.074404957410869,7819,839,0,0,7987,4166,-138,629,2.094389143973701,7668,5952,1,1,8648,5804,-181,359,-0.9075719096439583,6321,4317,1,0,-66327,71079,200,42849,-88165,200
10051,4427,9,164,2.7904295144576823,7668,5952,0,0,8559,829,-248,-123,-3.3885642227698485,7819,839,0,0,7700,4929,-243,648,2.4085484093326803,7668,5952,1,1,8535,5975,-95,145,-1.2217311750029376,6321,4317,1,0,-83654,45602,200,70101,-72826,200
9864,4630,-159,172,2.9453735637853704,7668,5952,0,0,8237,752,-273,-65,-3.702723488128828,7668,5952,0,0,7274,5658,-361,619,2.7227076746916596,3114,7545,1,1,8563,5962,23,-10,-0.9075719096439583,6321,4317,1,0,-92178,16110,200,42764,-88007,200
9202,4950,-18,-203,2.8114347533544706,7668,5952,0,0,7501,980,-313,152,-4.331042018846786,7668,5952,0,0,6043,6799,-570,426,3.3510262054096183,3114,7545,1,1,8729,5599,-175,186,-0.9075719096439583,6321,4317,1,0,-91771,-13992,200,70295,-73202,0
9184,4747,-15,-172,2.4972754879954913,7668,5952,0,0,7175,1321,-276,289,-4.645201284205766,7668,5952,0,0,5277,7183,-650,326,-2.932153216938964,3114,7545,1,1,8554,5785,-148,158,-0.9075719096439583,6321,4317,1,0,-81325,-42816,200,42755,-88184,0
9169,4575,-12,-146,2.296774436421868,7668,5952,0,0,6948,1804,-193,410,-4.959360549564745,7668,5952,0,0,4454,7409,-699,192,-2.617999836410989,3114,7545,1,1,8406,5943,-125,134,-1.2217311750029376,6321,4317,1,0,-62459,-66905,200,11895,-93996,0
9157,4429,-10,-124,2.2563147336300102,7668,5952,0,0,6861,2383,-73,492,-5.273519814923724,7668,5952,0,0,3621,7452,-707,36,-2.30384057105201,9525,4379,1,1,8281,6077,-106,113,-1.535890440361917,6321,4317,1,0,-37052,-83902,0,42482,-87892,200
9030,4467,-108,32,2.1970922507198094,7668,5952,0,0,6897,3042,30,560,0.9919474204187466,7668,5952,0,0,2914,7488,-600,30,-1.9896813056930305,9525,4379,1,1,8243,6002,-31,-63,-1.2217391116939638,6321,4317,1,0,-7538,-91964,200,11732,-93937,200
8533,4746,-193,108,2.191729002696462,7668,5952,0,0,7140,4396,94,528,1.3519128666341849,7668,5952,0,0,1808,6980,-412,-287,-1.3613627749750719,9525,4379,1,1,8199,5516,-17,-189,-1.850042403688666,6321,4317,1,0,51807,-79622,200,-47720,-77387,0
8410,4400,-41,-148,1.9048763227923229,7668,5952,0,0,7062,5479,-476,325,1.8890691841779705,7668,5952,0,0,1380,5995,-98,-446,-0.7330442442571132,9525,4379,1,1,7954,5720,-59,111,-2.4783609344066244,6321,4317,1,0,92734,-34678,200,-86015,-28481,0
8369,4252,-34,-125,1.8400303001017064,7668,5952,0,0,6586,5804,-404,276,1.5749099188189912,7668,5952,0,0,1465,5468,72,-448,-0.4188849788981339,9525,4379,1,1,7895,5831,-50,94,-2.7925201997656037,6321,4317,1,0,100917,-4984,200,-86074,-28370,0
8288,4321,-68,59,1.8070415875133343,7668,5952,0,0,6182,6080,-343,234,1.260750653460012,7668,5952,0,0,1736,4999,230,-398,-0.10472571353915461,9525,4379,1,1,7845,5925,-42,79,-2.7925354384888603,6321,4317,1,0,101188,-5453,200,-92094,2435,0
8181,4576,-90,216,1.7670154165993195,7668,5952,0,0,5839,6314,-291,198,0.9465913881010326,7668,5952,0,0,2165,4580,364,-356,-0.10471153631184203,9525,4379,1,1,7803,6004,-35,67,-3.1066855366960224,6321,4317,1,0,101617,-5872,200,-86166,-28197,0
7993,4967,-159,331,2.0811746819582986,7668,5952,0,0,5548,6512,-247,168,0.6324321227420533,7668,5952,0,0,2728,4203,478,-320,-0.10471153631184203,9525,4379,1,1,7768,6071,-29,56,-2.7925354384888603,6321,4317,1,0,100542,24994,200,-86201,-28130,200
7814,5301,-78,19,1.9381137974980804,7668,5952,0,0,5301,6680,-209,142,0.318272857383074,7668,5952,0,0,3402,3925,572,-236,0.209439436650829,9525,4379,1,1,7500,6242,-302,410,-2.7925354384888603,6321,4317,1,0,90004,53924,200,-71301,-55324,0
7622,5484,-163,155,2.1776698512262227,3114,7545,0,0,5273,6823,-23,121,0.00411359202409467,7668,5952,0,0,4147,3789,633,-115,0.523592817178804,9525,4379,1,1,7198,6652,-256,348,-2.478376173129881,6321,4317,1,0,101961,24580,200,-48721,-76251,200
7332,5794,-246,263,2.2563147336300102,3114,7545,0,0,5440,6883,142,50,-0.31004567333488464,7668,5952,0,0,4976,3716,704,-62,0.209439436650829,9525,4379,1,1,6830,6834,-312,154,-2.1642169077709017,6321,4317,1,0,91578,53715,200,-20733,-89292,200
7012,6144,94,-176,2.2563147336300102,3114,7545,0,0,5663,6819,-312,-39,-0.624204938693864,7668,5952,0,0,5853,3754,745,32,0.523592817178804,9525,4379,1,1,6492,6861,-151,482,-1.8500576424119224,6321,4317,1,0,92455,53753,200,-21071,-89265,0
6970,6115,-35,-24,2.3180235064440153,3114,7545,0,0,5511,6660,-129,-135,-0.6457002256000763,7668,5952,0,0,6771,3886,780,112,0.523592817178804,9525,4379,1,1,6341,7343,-128,409,-1.850042403688666,6321,4317,1,0,93373,53885,200,-21222,-88783,200
6812,6248,-134,113,2.2356984486004032,3114,7545,0,0,5543,6406,27,-215,-0.6357043855343518,7668,5952,0,0,7724,4098,810,180,0.523592817178804,9525,4379,1,1,6158,7560,-155,184,-1.850042403688666,6321,4317,1,0,74637,78412,200,9647,-92379,200
6545,6511,-226,223,2.296774436421868,3114,7545,0,0,5720,6058,150,-295,-0.7259781096269715,7668,5952,0,0,8668,4427,802,279,0.8377520825377833,9525,4379,1,1,6010,7544,-125,-13,-1.5358992038207826,6321,4317,1,0,95270,54426,200,40211,-86425,200
6278,6611,-92,-192,2.486689758446302,3114,7545,0,0,5870,5763,127,-250,-0.4118188442679922,7668,5952,0,0,9643,4806,828,322,0.523592817178804,14527,7778,1,1,5836,7587,-282,314,-1.2217399384618033,6321,4317,1,0,96245,54805,200,9325,-92352,200
6059,6574,-185,-31,2.2563147336300102,3114,7545,0,0,6050,5508,152,-216,-0.09765957890901289,7668,5952,0,0,10644,5228,851,358,0.523592817178804,14527,7778,1,1,5561,7701,-233,97,-1.5358992038207826,6321,4317,1,0,77557,79542,200,9050,-92238,200
5746,6697,-266,104,2.2663025536917796,3114,7545,0,0,6332,5321,239,-159,0.21649968644996642,7668,5952,0,0,11629,5735,837,430,0.8377520825377833,14527,7778,1,1,5335,7598,-192,-87,-1.5358992038207826,6321,4317,1,0,52302,97089,200,39536,-86371,200
5456,6558,-184,-266,2.580461819050759,3114,7545,0,0,6571,5162,203,-135,0.5306589518089457,7668,5952,0,0,12547,6348,780,520,1.1519113478967626,14527,7778,1,1,5066,7672,-290,212,-1.2217399384618033,6321,4317,1,0,79460,80662,200,8555,-92267,200
5144,6446,-265,-95,2.2663025536917796,3114,7545,0,0,6854,5117,240,-37,0.844818217167925,7668,5952,0,0,13461,7017,776,568,0.8377552626840211,14527,7778,1,1,4783,7684,-240,10,-1.5358992038207826,6321,4317,1,0,54134,98371,0,8272,-92255,200
4760,6512,-326,56,2.206500712329248,3114,7545,0,0,7156,5222,256,89,1.1589774825269044,7668,5952,0,0,14237,7585,659,482,1.1519145280430005,6321,4317,1,1,4550,7494,-198,-161,-1.5358992038207826,6321,4317,1,0,54910,98939,200,8039,-92445,200
4409,6330,-268,-324,2.067988395357381,3114,7545,0,0,7431,5503,233,238,1.4731367478858837,3114,7545,0,0,14977,8250,629,565,1.151921155274339,6321,4317,1,1,4288,7547,-251,215,-1.5358992038207826,6321,4317,1,0,55650,99604,0,7777,-92392,200
4052,6185,-303,-123,2.0322068030624925,3114,7545,0,0,7621,5934,161,366,1.787296013244863,3114,7545,0,0,15606,8815,534,480,1.151921155274339,6321,4317,1,1,4044,7562,-207,12,-1.5358992038207826,6321,4317,1,0,56279,100169,0,-23519,-88564,200
3720,6260,-282,63,1.7180475377035132,3114,7545,0,0,7688,6460,56,447,2.1014552786038423,3114,7545,0,0,16140,9295,453,408,1.151921155274339,6321,4317,1,1,3782,7382,-222,-153,-1.850042403688666,6321,4317,1,0,26592,108747,200,-23781,-88744,200
3455,6238,-241,-293,1.4038882723445338,3114,7545,0,0,7595,7039,-78,492,2.4156145439628216,3114,7545,0,0,16614,9902,402,515,1.4660804206333182,6321,4317,1,1,3521,7319,-205,220,-1.850042403688666,6321,4317,1,0,-4177,107716,0,7010,-92620,200
3187,6143,-227,-80,1.7042070221872883,3114,7545,0,0,7334,7611,-222,486,2.729773809321801,3114,7545,0,0,17016,10417,341,437,1.7802357634457258,6321,4317,1,1,3323,7339,-168,17,-1.5358992038207826,6321,4317,1,0,-32983,97019,200,-24240,-88787,200
2962,6263,-191,101,1.56279649745501,3114,7545,0,0,6913,8117,-357,429,3.0439330746807802,3114,7545,0,0,17257,11027,204,518,2.094389143973701,6321,4317,1,1,3100,7164,-189,-148,-1.850042403688666,6321,4317,1,0,-57057,77940,0,6589,-92775,200
2750,6033,-195,-289,1.2486372320960306,3114,7545,0,0,6361,8503,-469,328,3.3580923400397595,3114,7545,0,0,17461,11545,173,440,2.4085484093326803,6321,4317,1,1,3003,7337,-67,240,-1.5358992038207826,6321,4317,1,0,-73893,52218,200,6492,-92602,200
2577,5943,-147,-76,1.4615747755346793,3114,7545,0,0,5720,8730,-544,193,3.672251605398739,3114,7545,0,0,17451,12066,-8,443,2.7227076746916596,6321,4317,1,1,2943,7377,-51,34,-1.5358992038207826,6321,4317,1,0,-82001,22518,200,-24620,-88749,200
2432,6067,-123,105,1.56279649745501,3114,7545,0,0,5051,8782,-568,44,3.986410870757718,3114,7545,0,0,17244,12530,-175,394,3.036866940050639,6321,4317,1,1,2837,7219,-90,-134,-1.850042403688666,6321,4317,1,0,-80570,-8261,200,-53082,-75684,200
2263,6210,-290,-200,1.437385631402505,3114,7545,0,0,4445,8738,-515,-37,4.300570136116697,3114,7545,0,0,16873,12882,-315,299,3.3510262054096183,6321,4317,1,1,2708,7080,36,203,-2.164201669047645,6321,4317,1,0,-69729,-37117,200,-53211,-75823,200
2060,6190,-172,-16,1.1232263660435258,3114,7545,0,0,3912,8514,-453,-190,4.614729401475676,3114,7545,0,0,16385,13081,-414,169,3.6651854707685976,6321,4317,1,1,2632,7117,-64,31,-2.164210099920109,6321,4317,1,0,-70217,-36918,200,-76169,-54449,200
2026,6319,-28,109,0.8090671006845465,3114,7545,0,0,3502,8129,-348,-327,4.928888666834656,3114,7545,0,0,15798,13150,-499,58,-2.617999836410989,6321,4317,1,1,2410,7025,-188,-78,-2.478368236438855,6321,4317,1,0,-70804,-36849,200,-53509,-75878,200
1960,6358,-56,32,1.0471848490249271,3114,7545,0,0,3273,7636,239,-314,5.243047932193635,9525,4379,0,0,15126,13108,-571,-35,-2.617999836410989,6321,4317,1,1,2469,7473,-380,281,-2.164210099920109,6321,4317,1,0,-51787,-61206,200,-25094,-88653,0
1904,6390,-47,27,0.8752900998980138,3114,7545,0,0,3662,7189,330,-379,5.557207197552614,9525,4379,0,0,14421,12924,-599,-156,-2.30384057105201,6321,4317,1,1,2089,7754,-323,238,-1.8500508345611295,6321,4317,1,0,-52492,-61390,200,5578,-92185,0
1857,6417,-39,22,0.8448182171679252,3114,7545,0,0,4175,6730,436,-390,5.871366462911594,9525,4379,0,0,13688,12619,-622,-258,-2.3038373909057723,6321,4317,1,1,1766,7992,-274,202,-1.5358992038207826,6321,4317,1,0,-26985,-78735,200,35967,-85977,200
1818,6439,-33,18,0.8341916756052004,3114,7545,0,0,4800,6276,531,-385,-0.3258631537981599,9525,4379,0,0,12985,12178,-597,-374,-1.989678125546793,6321,4317,1,1,1560,8006,-174,11,-1.2217399384618033,6321,4317,1,0,-27688,-79176,200,63126,-70795,200
1918,6607,84,142,0.8448182171679252,3114,7545,0,0,5525,5844,616,-367,-0.23624526071843754,9525,4379,0,0,12307,11621,-576,-473,-1.9896714983154544,6321,4317,1,1,1509,7859,-43,-124,-0.907580673102824,6321,4317,1,0,-54606,-62693,200,84412,-48060,0
2174,6850,218,206,0.5306589518089458,3114,7545,0,0,6339,5449,691,-335,-0.1414727864921576,9525,4379,0,0,11597,10999,-603,-528,-2.3038307636744335,6321,4317,1,1,1466,7735,-36,-105,-0.5934214077438447,6321,4317,1,0,-29076,-80355,200,97592,-19828,0
2514,7083,289,197,0.21649968644996653,3114,7545,0,0,7225,5148,753,-255,0.1726864788668217,9525,4379,0,0,10913,10288,-581,-604,-1.9896714983154544,6321,4317,1,1,1430,7630,-30,-89,-0.27926214238486535,6321,4317,1,0,-29760,-81066,200,97556,-19933,200
2991,7262,405,151,-0.09765957890901278,9525,4379,0,0,8177,4916,808,-196,0.11728402940293062,9525,4379,0,0,10251,9501,-562,-668,-1.9896714983154544,6321,4317,1,1,1592,7486,137,-122,-0.2792460768937691,6321,4317,1,0,-30422,-81853,200,101531,10975,200
3579,7333,500,60,-0.4118188442679921,9525,4379,0,0,9172,4790,845,-106,0.35970699958495655,14527,7778,0,0,9608,8650,-546,-723,-1.9896714983154544,6321,4317,1,1,1929,7371,286,-97,0.034897122974114125,6321,4317,1,0,-57305,-65664,200,98055,-20192,200
4229,7260,552,-61,-0.7259781096269714,9525,4379,0,0,10176,4806,853,13,0.6549028951434914,14527,7778,0,0,8928,7778,-577,-740,-2.3038307636744335,6321,4317,1,1,2407,7219,406,-129,-0.2792460768937691,6321,4317,1,0,-31745,-83576,200,85310,-48700,200
4915,7051,583,-177,-0.8341916756052004,9525,4379,0,0,11148,4980,825,147,0.9350919412605448,14527,7778,0,0,8270,6855,-559,-784,-1.9896714983154544,6321,4317,1,1,2979,6978,486,-204,-0.5934053422527484,6321,4317,1,0,-2182,-92597,200,64545,-71823,0
5653,6747,627,-258,-0.6855184068351137,9525,4379,0,0,12040,5315,758,285,1.2281759376032955,14527,7778,0,0,7690,5872,-492,-835,-1.6755122329564751,6321,4317,1,1,3465,6774,413,-173,-0.9075646076117277,6321,4317,1,0,28481,-91942,0,86368,-49145,0
6388,6321,624,-362,-0.999677672194093,9525,4379,0,0,12799,5651,645,285,1.5423352029622748,14527,7778,0,0,7198,5037,-418,-709,-1.3613568901440676,6321,4317,1,1,3878,6601,351,-147,-0.5934137731252123,6321,4317,1,0,57197,-81565,200,100004,-20962,0
7163,5828,658,-419,-0.7153499534746797,9525,4379,0,0,13388,6125,501,402,1.856494468321254,14527,7778,0,0,6880,4155,-270,-749,-1.0472035096160925,7819,839,1,1,4229,6454,298,-124,-0.27925450776623295,6321,4317,1,0,81194,-62758,200,104168,9943,200
7941,5358,661,-399,-0.40119068811570036,9525,4379,0,0,13787,6676,339,467,2.1706537336802336,14527,7778,0,0,6759,3272,-103,-750,-0.7330442442571132,7819,839,1,1,4727,6337,423,-99,0.034897122974114125,6321,4317,1,0,98113,-37401,200,98696,40539,0
8793,4942,724,-353,-0.08703142275672104,9525,4379,0,0,13968,7265,153,500,2.484812999039213,14527,7778,0,0,6839,2441,67,-706,-0.4188849788981339,7819,839,1,1,5150,6238,359,-84,0.34905638833309344,6321,4317,1,0,106291,-8011,200,83951,67804,0
9711,4634,780,-261,0.22712784260225827,14527,7778,0,0,13933,7832,-30,482,2.7989722643981922,6321,4317,0,0,7105,1714,226,-617,-0.10472571353915461,7819,839,1,1,5509,6154,305,-71,0.6632156536920728,6321,4317,1,0,104919,22505,0,61428,89057,0
10659,4474,805,-136,0.5412871079612376,14527,7778,0,0,13703,8320,-195,414,3.1131315297571716,6321,4317,0,0,7331,1097,192,-524,0.2094335518198247,7668,5952,1,1,5814,6083,259,-60,0.9773749190510521,6321,4317,1,0,93933,51096,0,33377,102209,0
11594,4487,794,11,0.8554463733202169,14527,7778,0,0,13316,8678,-328,303,3.427290795116151,6321,4317,0,0,7523,573,163,-445,0.523592817178804,7668,5952,1,1,6073,6023,220,-51,1.2915341844100314,6321,4317,1,0,74436,74887,200,61992,88926,0
12465,4680,740,164,1.1696056386791962,14527,7778,0,0,12823,8868,-419,161,3.74145006047513,6321,4317,0,0,7820,277,252,-251,0.8377520825377833,7668,5952,1,1,6293,5972,187,-43,0.9773825536696844,6321,4317,1,0,48493,91631,200,62212,88875,0
13222,5043,643,308,1.4837649040381755,14527,7778,0,0,12259,8891,-479,19,-2.3830621393196787,6321,4317,0,0,8153,209,283,-58,1.1519113478967626,7668,5952,1,1,6480,5929,158,-36,0.9773825536696844,6321,4317,1,0,18605,99661,200,85281,67495,200
13845,5440,529,337,1.7979241693971548,14527,7778,0,0,11635,8772,-530,-100,-2.3830621393196787,6321,4317,0,0,8457,350,258,119,1.466070613255742,7668,5952,1,1,6796,6016,268,74,0.6632244171509383,6321,4317,1,0,-12334,98164,200,85597,67582,200
14274,5943,364,427,2.1120834347561344,14527,7778,0,0,10957,8538,-576,-199,-2.404988002400097,6321,4317,0,0,8673,665,183,267,1.7802298786147213,7668,5952,1,1,7222,6213,361,167,0.6632244171509383,6321,4317,1,0,-41326,87267,200,86023,67779,200
14487,6501,181,474,2.4262427001151137,14527,7778,0,0,10237,8200,-611,-287,-2.3731659864457195,6321,4317,0,0,8756,1105,70,374,2.0943891439737006,7668,5952,1,1,7741,6503,440,246,0.6632244171509383,6321,4317,1,0,-41243,87707,200,63660,89406,200
14283,7539,-171,413,3.0545612308330723,6321,4317,0,0,9387,7765,365,343,-2.4460864266929105,6321,4317,0,0,8601,2290,-106,542,2.094389143973701,7668,5952,1,1,8245,6885,-500,-363,0.6632244171509383,6321,4317,1,0,-12190,100104,200,102214,41087,0
13917,7907,-310,312,3.3687204961920516,6321,4317,0,0,9752,8108,310,291,-2.4156145439628216,6321,4317,0,0,8453,3028,-125,626,1.7802357634457258,7668,5952,1,1,7745,6522,-425,-308,0.3490666120802778,6321,4317,1,0,-41546,89630,200,86546,68088,0
13436,8116,-409,177,3.682879761551031,6321,4317,0,0,10062,8399,263,247,-2.4262427001151137,6321,4317,0,0,8228,3827,-191,679,2.094389143973701,7668,5952,1,1,7320,6214,-361,-261,0.6632244171509383,6321,4317,1,0,-41771,90429,200,63239,89117,0
12867,8173,-483,48,-2.495892427989717,6321,4317,0,0,10325,8646,223,209,-2.436221931545016,6321,4317,0,0,7937,4679,-247,724,2.094389143973701,7668,5952,1,1,6959,5953,-306,-221,0.9773825536696844,6321,4317,1,0,-66377,71592,0,85760,67519,0
12223,8102,-547,-60,-2.5058882680554415,6321,4317,0,0,10394,8727,59,68,-2.4460864266929105,6321,4317,0,0,7690,5403,-209,615,2.4085484093326803,3114,7545,1,1,6653,5732,-260,-187,0.6632244171509383,6321,4317,1,0,-83664,46076,200,85454,67298,200
11510,7931,-606,-145,-2.553312734464199,6321,4317,0,0,10301,8665,-79,-52,-2.436221931545016,6321,4317,0,0,7298,6099,-332,591,2.7227076746916596,3114,7545,1,1,6551,5668,-87,-54,0.6632244171509383,6321,4317,1,0,-92154,16551,200,85352,67234,200
10750,7658,-645,-232,-2.4460864266929105,6321,4317,0,0,10058,8499,-206,-141,-2.5347191291584674,6321,4317,0,0,6767,6711,-451,520,3.036866940050639,3114,7545,1,1,6622,5737,60,58,0.6632244171509383,6321,4317,1,0,-91047,-14080,200,100591,39939,0
9980,7270,-654,-329,-2.245693397042161,6321,4317,0,0,9688,8244,-314,-216,-2.5347191291584674,6321,4317,0,0,6120,7189,-549,406,3.3510262054096183,3114,7545,1,1,6682,5795,51,49,0.3490666120802778,6321,4317,1,0,-80482,-42810,200,106621,9284,200
9206,6781,-658,-415,-2.216496552394973,6321,4317,0,0,9220,7900,-397,-292,-2.4460864266929105,6321,4317,0,0,5398,7495,-613,260,3.6651854707685976,3114,7545,1,1,6933,5851,213,47,0.03490734672129847,6321,4317,1,0,-61515,-66819,200,106872,9340,200
8494,6063,338,-111,-2.216496552394973,6321,4317,0,0,8186,6881,-439,-482,-1.972276052830473,6321,4317,0,0,4017,7700,-538,79,4.293504001486556,3114,7545,1,1,7158,5803,-528,-187,-0.2792460768937691,6321,4317,1,0,-6435,-91752,0,90061,-50116,200
8832,5952,287,-94,-2.5306558177539524,6321,4317,0,0,7630,6237,-472,-547,-2.1970922507198094,6321,4317,0,0,3479,7779,-457,67,4.6076632668455355,9525,4379,1,1,6630,5616,-448,-158,-0.5934053422527484,6321,4317,1,0,24270,-90035,200,102756,-21947,0
9119,5858,243,-79,-2.8448150831129317,6321,4317,0,0,7158,5690,-401,-464,-1.88293298536083,6321,4317,0,0,3064,7650,-353,-109,4.921822532204515,9525,4379,1,1,6182,5458,-380,-134,-0.2792460768937691,6321,4317,1,0,53063,-78952,200,106121,8947,0
9362,5779,206,-67,-2.9767729235317226,6321,4317,0,0,6757,5094,-340,-506,-1.5687737200018508,6321,4317,0,0,2811,7368,-215,-239,5.235981797563494,9525,4379,1,1,5802,5324,-323,-113,0.034897122974114125,6321,4317,1,0,77125,-59545,200,105741,8813,200
9370,5687,6,-78,-3.016245226668197,6321,4317,0,0,6479,4398,-236,-591,-1.2546144546428715,7819,839,0,0,2745,6995,-56,-316,5.5501410629224734,9525,4379,1,1,5679,5218,-104,-90,0.034897122974114125,6321,4317,1,0,94099,-33678,200,101805,-22345,200
9176,5600,-164,-74,-3.0945802722141273,6321,4317,0,0,6361,3645,-100,-639,-0.9404551892838922,7819,839,0,0,2872,6598,107,-337,5.864300328281453,9525,4379,1,1,5767,5073,75,-123,-0.2792460768937691,6321,4317,1,0,94226,-34075,200,105706,8562,200
8814,5498,-307,-86,-3.0001198670976357,6321,4317,0,0,6417,2893,47,-638,-0.6262959239249128,7819,839,0,0,3162,6180,246,-355,-0.4188751715205577,9525,4379,1,1,6042,4957,233,-98,0.034897122974114125,6321,4317,1,0,77476,-60733,200,102168,-22606,200
8323,5334,-417,-139,-2.740112927554217,6321,4317,0,0,6464,2255,39,-542,-0.31213665856593353,7819,839,0,0,3557,5691,335,-415,-0.733034436879537,9525,4379,1,1,6467,4804,361,-130,-0.2792460768937691,7819,839,1,0,94911,-34982,200,106406,8293,200
8048,5253,265,169,-2.740112927554217,6321,4317,0,0,6959,1286,238,-363,0.3161818721520251,7819,839,0,0,4714,4753,543,-375,-0.10471590616157839,9525,4379,1,1,6729,4159,-270,-452,-0.2792460768937691,7819,839,1,0,102528,25544,200,106668,7648,0
8538,5565,191,121,-2.7742751828866097,6321,4317,0,0,7815,995,387,-39,0.9445004028699837,7668,5952,0,0,6253,4237,680,-155,0.523592817178804,9525,4379,1,1,6230,3323,-194,-326,0.34905638833309344,7819,839,1,0,92855,54236,200,85031,64889,0
8729,5686,162,102,-2.7571865747975437,6321,4317,0,0,8263,1146,381,128,1.258659668228963,7668,5952,0,0,7106,4182,725,-46,0.523592817178804,9525,4379,1,1,6036,2997,-164,-277,0.6632156536920728,7819,839,1,0,93708,54181,200,61955,85900,0
8710,5702,-15,13,-2.6971734436886945,6321,4317,0,0,8644,1474,323,278,1.5728189335879423,7668,5952,0,0,8004,4236,763,45,0.523592817178804,9525,4379,1,1,5872,2720,-139,-235,0.9773749190510521,7819,839,1,0,94606,54235,200,33435,98846,0
